{"inputUnits":[4],"outputUnits":2,"inputs":{"a":{"dtype":"number","min":13.657994270324707,"max":368.2167148590088},"b":{"dtype":"number","min":-0.8780264854431152,"max":269.5694088935852},"c":{"dtype":"number","min":71.7813491821289,"max":213.83983612060547},"d":{"dtype":"number","min":52.84840106964111,"max":196.00220918655396}},"outputs":{"action":{"dtype":"string","min":0,"max":1,"uniqueValues":["up","none"],"legend":{"up":[1,0],"none":[0,1]}}},"isNormalized":true}